[
  { "title": "الجوالات والإكسسوارات", "keywords": ["هاتف", "جوال", "موبايل", "غطاء", "شاحن", "وصلة", "كابل", "حافظة", "جراب", "شاشة حماية"] },
  { "title": "السماعات والأجهزة الصوتية", "keywords": ["سماعة", "ايربودز", "بلوتوث", "صوت", "ميكروفون", "مكبر", "سبيكر"] },
  { "title": "الكاميرات والمراقبة", "keywords": ["كاميرا", "مراقبة", "تصوير", "فيديو", "عدسة", "حماية", "أمنية"] },
  { "title": "اللابتوبات والأجهزة المكتبية", "keywords": ["لابتوب", "حاسوب", "كمبيوتر", "كيبورد", "ماوس", "طابعة", "مكتب"] },
  { "title": "الساعات الذكية", "keywords": ["ساعة", "ذكية", "سمارت", "watch", "ساعة رياضية"] },
  { "title": "أجهزة الشبكات والواي فاي", "keywords": ["راوتر", "واي فاي", "موزع", "إشارة", "نت", "انترنت"] },
  { "title": "ألعاب الفيديو وملحقاتها", "keywords": ["بلايستيشن", "نينتندو", "اكس بوكس", "جويستيك", "ذراع", "gaming", "لعبة"] },
  { "title": "شاشات التلفزيون", "keywords": ["تلفزيون", "شاشة", "tv", "سمارت"] },
  { "title": "أجهزة المطبخ الذكية", "keywords": ["خلاط", "عصارة", "قلاية", "مايكرويف", "مطبخ", "سخان", "كيتشن"] },
  { "title": "الإضاءة الذكية", "keywords": ["لمبة", "إضاءة", "ذكية", "مصباح", "إنارة"] },
  { "title": "أدوات المطبخ والطهي", "keywords": ["قدر", "طنجرة", "ملعقة", "مقلاة", "وعاء", "طهي"] },
  { "title": "أجهزة المنزل الكهربائية", "keywords": ["مكنسة", "مروحة", "خلاط", "مكواة", "فرن", "غسالة"] },
  { "title": "أدوات التنظيف والغسيل", "keywords": ["منظف", "غسيل", "تنظيف", "مسحوق", "سائل", "فرشاة"] },
  { "title": "ديكور المنزل", "keywords": ["ديكور", "تحفة", "مزهرية", "سجاد", "لوحة"] },
  { "title": "المفروشات والأثاث", "keywords": ["سرير", "كنبة", "مرتبة", "كرسي", "طاولة"] },
  { "title": "العناية الشخصية والجمال", "keywords": ["مستحضرات", "عطر", "مكياج", "عناية", "بشرة", "جمال"] },
  { "title": "الحمام والإكسسوارات", "keywords": ["حمام", "مناشف", "دش", "صابون", "فرشاة", "موزع"] },
  { "title": "إكسسوارات السيارات", "keywords": ["سيارة", "عطر", "منفضة", "ممسحة", "إطار", "مقبس", "مرآة"] },
  { "title": "أدوات الصيانة والتلميع", "keywords": ["مفك", "مطرقة", "عدة", "تلميع", "صيانة", "طقم"] },
  { "title": "الكاميرات الأمامية والخلفية", "keywords": ["كاميرا سيارة", "أمامية", "خلفية", "dash cam"] },
  { "title": "حافظات الجوال للسيارة", "keywords": ["حامل", "هاتف", "سيارة", "ستاند"] },
  { "title": "الشواحن والمشغلات", "keywords": ["شاحن", "مشغل", "باور بانك", "USB", "كهربائي"] },
  { "title": "العطور والمعطرات للسيارات", "keywords": ["عطر", "فواحة", "معطر", "بخور", "دوخون", "روائح"] },
  { "title": "خيام وأدوات التخييم", "keywords": ["خيمة", "رحلات", "تخييم", "تخييم"] },
  { "title": "مصابيح ومستلزمات الرحلات", "keywords": ["مصباح", "كشاف", "رحلات", "بطارية"] },
  { "title": "أدوات الطبخ للرحلات", "keywords": ["مقلاة", "موقد", "شواية", "بوتجاز", "طهي"] },
  { "title": "كراسي وطاولات متنقلة", "keywords": ["كرسي", "طاولة", "رحلات", "تخييم"] },
  { "title": "مبردات وحافظات", "keywords": ["مبرد", "ثلاجة", "حافظة", "تبريد"] },
  { "title": "أدوات الطوارئ والنجاة", "keywords": ["إسعاف", "إشارة", "طوارئ", "سلامة"] },
  { "title": "ملابس الرجال", "keywords": ["رجالي", "قميص", "بنطال", "بدلة", "تيشيرت"] },
  { "title": "ملابس النساء", "keywords": ["نسائي", "عباية", "فستان", "تنورة"] },
  { "title": "ملابس الأطفال", "keywords": ["أطفال", "طفل", "ملابس", "مواليد"] },
  { "title": "الساعات والإكسسوارات", "keywords": ["ساعة", "إكسسوار", "bracelet", "خاتم", "نظارة"] },
  { "title": "الأحذية والحقائب", "keywords": ["حذاء", "صندل", "حقيبة", "جزمة", "شنطة"] },
  { "title": "نظارات شمسية", "keywords": ["نظارة", "شمسية", "sunglass", "عدسة"] },
  { "title": "ألعاب الأطفال التعليمية", "keywords": ["تعليمية", "ذكاء", "تعلم", "أطفال"] },
  { "title": "الدمى والمكعبات", "keywords": ["دمية", "مكعب", "لعب", "أطفال"] },
  { "title": "أدوات الأطفال والرضع", "keywords": ["رضاعة", "حفاض", "أطفال", "مواليد"] },
  { "title": "مستلزمات المدرسة", "keywords": ["مدرسة", "دفتر", "قلم", "شنطة", "مقلمة"] },
  { "title": "العطور", "keywords": ["عطر", "بارفيوم", "مسك", "عود"] },
  { "title": "المكياج", "keywords": ["روج", "مكياج", "مسكرة", "كريم", "بودرة"] },
  { "title": "العناية بالشعر", "keywords": ["شعر", "مشط", "مجفف", "زيت", "شامبو"] },
  { "title": "العناية بالبشرة", "keywords": ["بشرة", "غسول", "ترطيب", "كريم", "ماسك"] },
  { "title": "أجهزة العناية الكهربائية", "keywords": ["استشوار", "جهاز عناية", "تجميل", "حرارة"] },
  { "title": "معدات اللياقة البدنية", "keywords": ["رياضة", "جهاز", "جيم", "تمارين", "لياقة"] },
  { "title": "الملابس الرياضية", "keywords": ["رياضي", "ملابس", "جري", "يوغا", "سباحة"] },

  { 
    "title": "الكاميرات والمراقبة", 
    "keywords": ["كاميرا", "مراقبة", "تصوير", "فيديو", "عدسة", "حماية", "أمنية", "camera", "monitor", "vision", "security", "cctv"] 
  },
  { 
    "title": "الجوالات والإكسسوارات", 
    "keywords": ["هاتف", "جوال", "موبايل", "غطاء", "شاحن", "وصلة", "كابل", "حافظة", "جراب", "phone", "mobile", "charger", "cable", "case"] 
  },



  
  { "title": "المكملات الغذائية", "keywords": ["مكمل", "غذائي", "فيتامين", "بروتين"] },
  { "title": "أدوات اليوغا والمشي", "keywords": ["يوغا", "حصيرة", "جري", "تمارين"] },
  { "title": "بطاقات الهدايا", "keywords": ["بطاقة", "هدية", "gift", "voucher"] },
  { "title": "بطاقات الألعاب", "keywords": ["شحن", "بطاقة", "بلايستيشن", "نينتندو", "steam"] },
  { "title": "الاشتراكات والخدمات الرقمية", "keywords": ["نتفليكس", "spotify", "اشتراك", "code", "رمز"] },
  { "title": "لمبات ذكية", "keywords": ["لمبة", "ذكية", "إضاءة", "smart"] },
  { "title": "أجهزة استشعار", "keywords": ["مستشعر", "حساس", "sensor"] },
  { "title": "مقابس وموصلات", "keywords": ["مقبس", "محول", "قابس", "plug", "socket"] },
  { "title": "أدوات الطاقة والشحن", "keywords": ["طاقة", "بطارية", "شاحن", "power"] },
  { "title": "منتجات متنوعة", "keywords": ["متنوع", "منتج", "سلعة"] }
]
