{
  "الجوالات والإكسسوارات": ["هاتف", "جوال", "موبايل", "smartphone", "iphone", "samsung", "xiaomi", "هواوي", "غطاء", "كفر", "شاحن", "وصلة", "شاشة حماية", "usb-c", "magnetic", "sim", "ذاكرة", "بطارية", "power bank"],
  "السماعات والأجهزة الصوتية": ["سماعة", "earbuds", "headphones", "bluetooth", "صوت", "ميكروفون", "speaker", "مكبر", "موسيقى", "airpods", "buds"],
  "الكاميرات والمراقبة": ["كاميرا", "تصوير", "مراقبة", "security", "ip camera", "cctv", "عدسة", "فلترة", "تسجيل فيديو", "night vision"],
  "اللابتوبات والأجهزة المكتبية": ["لاب توب", "لابتوب", "كمبيوتر", "مكتبي", "حاسب", "شاشة", "كيبورد", "ماوس", "ssd", "هارد", "ram", "intel", "dell", "lenovo", "hp"],
  "الساعات الذكية": ["ساعة ذكية", "smartwatch", "watch", "apple watch", "band", "fit", "لياقة", "خطوات", "ضغط الدم", "نبض"],
  "أجهزة الشبكات والواي فاي": ["راوتر", "واي فاي", "wifi", "شبكة", "مودم", "access point", "lan", "مقوي", "إشارة"],
  "ألعاب الفيديو وملحقاتها": ["بلايستيشن", "ps5", "ps4", "xbox", "nintendo", "game", "gaming", "ذراع", "يد تحكم", "console", "شحن يد", "بطاقة لعبة"],
  "شاشات التلفزيون": ["تلفزيون", "شاشة", "tv", "smart tv", "4k", "8k", "oled", "led", "اندرويد", "ريموت"],
  "أجهزة المطبخ الذكية": ["مطبخ ذكي", "طباخ", "مايكروويف", "فرن كهربائي", "خلاط", "عصارة", "قلاية", "كيتشن", "طباخة"],
  "الإضاءة الذكية": ["لمبة ذكية", "smart light", "إضاءة", "led", "rgb", "مصباح", "نيون", "بلوتوث", "تحكم"],
  "أدوات المطبخ والطهي": ["طنجرة", "قدر", "مقلاة", "أواني", "طهي", "مطبخ", "سكين", "ملعقة", "مصفاة", "غلاية", "خلاط", "عجانة"],
  "أجهزة المنزل الكهربائية": ["مكنسة", "غسالة", "مكيف", "ثلاجة", "دفاية", "مروحة", "مكواة", "جهاز كهربائي", "منزلية"],
  "أدوات التنظيف والغسيل": ["تنظيف", "مساحة", "منظف", "مناديل", "غسيل", "مطهر", "سائل", "تعقيم", "ممسحة"],
  "ديكور المنزل": ["ديكور", "إضاءة", "لوحات", "تحف", "مزهريات", "ستارة", "سجادة", "زينة", "فازة", "جداريات"],
  "المفروشات والأثاث": ["سرير", "كنبة", "كرسي", "طاولة", "مرتبة", "خزانة", "أثاث", "مكتب", "مفرش", "مخدة"],
  "العناية الشخصية والجمال": ["عناية", "بشرة", "شعر", "وجه", "جمال", "ماسك", "فرشاة", "مكياج", "جل", "غسول"],
  "الحمام والإكسسوارات": ["حمام", "دش", "صنبور", "مغسلة", "حامل مناديل", "فرشاة أسنان", "مرايا", "سلة مهملات"],
  "إكسسوارات السيارات": ["سيارة", "اكسسوارات", "car accessories", "غطاء مقعد", "منظف سيارات", "usb car", "camera car", "حامل جوال", "شاحن سيارة"],
  "أدوات الصيانة والتلميع": ["صيانة", "مفك", "مطرقة", "مفاتيح", "عدة", "برغي", "تلميع", "أدوات", "أعمال", "تصليح"],
  "الكاميرات الأمامية والخلفية": ["كاميرا سيارة", "dashcam", "rear camera", "front camera", "ركن", "مراقبة", "car view"],
  "حافظات الجوال للسيارة": ["حامل", "جوال", "stand", "car mount", "dashboard", "حافظة", "مغناطيسي"],
  "الشواحن والمشغلات": ["شاحن", "charger", "powerbank", "usb", "مشغل", "adapter", "كيبل", "wireless charger"],
  "العطور والمعطرات للسيارات": ["معطر", "عطر", "car perfume", "رائحة", "فواحة", "تعطير", "بخور سيارة"],
  "خيام وأدوات التخييم": ["خيمة", "تخييم", "رحلات", "camp", "sleeping bag", "كرسي تخييم", "مظلة", "موقد", "حقائب"],
  "مصابيح ومستلزمات الرحلات": ["مصباح", "كشاف", "رحلات", "بطارية", "لمبة", "اضاءة", "outdoor"],
  "أدوات الطبخ للرحلات": ["قدر", "طنجرة", "موقد", "غاز", "ادوات الطبخ", "portable", "رحلات"],
  "كراسي وطاولات متنقلة": ["كرسي", "طاولة", "قابلة للطي", "رحلات", "تخييم", "outdoor chair", "folding table"],
  "مبردات وحافظات": ["مبرد", "حافظة", "تبريد", "thermal", "ice box", "cooler", "حقيبة تبريد"],
  "أدوات الطوارئ والنجاة": ["إسعافات", "مصباح", "صافرة", "حبل", "أمان", "أدوات طوارئ", "kit", "نجاة"],
  "ملابس الرجال": ["رجالي", "قميص", "بنطال", "بدلة", "jackets", "t-shirt", "hoodie", "thobe", "pants"],
  "ملابس النساء": ["نسائي", "فستان", "عباية", "بلوزة", "تنورة", "hoodie", "كاجوال", "حجاب", "بنطال نسائي"],
  "ملابس الأطفال": ["أطفال", "kids", "baby", "ملابس", "تيشيرت", "بنطلون", "قبعة", "بيبي", "مراهق"],
  "الساعات والإكسسوارات": ["ساعة", "سوار", "bracelet", "necklace", "خاتم", "عقد", "إكسسوارات", "هدية"],
  "الأحذية والحقائب": ["حذاء", "حقيبة", "bag", "shoes", "كعب", "سنيكرز", "حقيبة ظهر", "حقيبة يد"],
  "نظارات شمسية": ["نظارة", "شمسية", "sunglasses", "رؤية", "عدسات", "موضة"],
  "ألعاب الأطفال التعليمية": ["لعبة تعليمية", "تعليم", "تعليمية", "أطفال", "ذكاء", "ألغاز", "puzzle", "building blocks"],
  "الدمى والمكعبات": ["دمية", "باربي", "مكعبات", "ليغو", "toys", "figures", "لعب", "دبدوب"],
  "أدوات الأطفال والرضع": ["رضيع", "بيبي", "حفاض", "زجاجة", "baby", "كرسي أطفال", "سرير أطفال"],
  "مستلزمات المدرسة": ["مدرسة", "قلم", "دفتر", "حقيبة", "school", "قرطاسية", "طالب", "لوح كتابة"],
  "العطور": ["عطر", "perfume", "فواحة", "رائحة", "رجالي", "نسائي", "body spray", "مسك"],
  "المكياج": ["مكياج", "lipstick", "foundation", "ماسكارا", "eyeliner", "ظلال", "فرشاة", "مستحضرات تجميل"],
  "العناية بالشعر": ["شعر", "شامبو", "بلسم", "مجفف", "استشوار", "زيت", "علاج الشعر", "كريم"],
  "العناية بالبشرة": ["بشرة", "كريم", "مرطب", "غسول", "تونر", "ماسك", "سيروم"],
  "أدوات العناية والتجميل": ["فرشاة", "مقص", "حلاقة", "مرآة", "ملقط", "مبرد أظافر", "أدوات تجميل"],
  "أجهزة العناية الكهربائية": ["مجفف شعر", "آلة حلاقة", "مكواة شعر", "جهاز ليزر", "استشوار", "جهاز تنظيف وجه"],
  "معدات اللياقة البدنية": ["جهاز رياضي", "لياقة", "fitness", "treadmill", "دراجة", "weights", "gym"],
  "أدوات الجيم المنزلية": ["جيم", "منزلي", "بار", "دامبل", "معدات", "رياضة", "تمارين"],
  "الملابس الرياضية": ["ملابس رياضية", "تيشيرت", "شورت", "هودي", "جري", "يوغا", "مشد"],
  "المكملات الغذائية": ["مكمل", "بروتين", "فيتامين", "amino", "كرياتين", "healthy", "nutrition"],
  "أدوات اليوغا والمشي": ["يوغا", "حصيرة", "yoga mat", "stretch", "مشي", "رياضة", "راحة"],
  "بطاقات الهدايا": ["بطاقة", "gift card", "هدية", "voucher", "رمز", "بطاقات رقمية"],
  "بطاقات الألعاب": ["بطاقة", "game card", "شحن", "psn", "xbox", "steam", "نينتندو", "google play", "pubg"],
  "شحن الجوالات": ["شحن", "top up", "recharge", "mobile", "رصيد", "اتصالات", "عمانية", "ooredoo", "omantel"],
  "الاشتراكات والخدمات الرقمية": ["اشتراك", "خدمة رقمية", "subscription", "netflix", "spotify", "office", "برنامج", "vpn"],
  "لمبات ذكية": ["لمبة", "ذكية", "led", "تحكم", "wifi", "smart bulb", "rgb"],
  "أجهزة استشعار": ["مستشعر", "sensor", "حركة", "تحكم", "door sensor", "motion", "humidity", "temperature"],
  "مقابس وموصلات": ["قابس", "فيش", "plug", "وصلة", "محول", "adapter", "موصل كهرباء"],
  "أدوات الطاقة والشحن": ["شاحن", "لوح شمسي", "solar", "power", "بطارية", "كهرباء", "طاقة"],
  "منتجات متنوعة": ["منتج", "أدوات", "متنوعة", "items", "misc", "collection"]
  
}
