{
  "الجوالات والإكسسوارات": "إلكترونيات",
  "السماعات والأجهزة الصوتية": "إلكترونيات",
  "الكاميرات والمراقبة": "إلكترونيات",
  "اللابتوبات والأجهزة المكتبية": "إلكترونيات",
  "الساعات الذكية": "إلكترونيات",
  "أجهزة الشبكات والواي فاي": "إلكترونيات",
  "ألعاب الفيديو وملحقاتها": "ترفيه",
  "شاشات التلفزيون": "إلكترونيات",
  "أجهزة المطبخ الذكية": "منزل",
  "الإضاءة الذكية": "منزل",
  "أدوات المطبخ والطهي": "منزل",
  "أجهزة المنزل الكهربائية": "منزل",
  "أدوات التنظيف والغسيل": "منزل",
  "ديكور المنزل": "منزل",
  "المفروشات والأثاث": "منزل",
  "العناية الشخصية والجمال": "جمال",
  "الحمام والإكسسوارات": "منزل",
  "إكسسوارات السيارات": "سيارات",
  "أدوات الصيانة والتلميع": "سيارات",
  "الكاميرات الأمامية والخلفية": "سيارات",
  "الشواحن والمشغلات": "سيارات",
  "العطور والمعطرات للسيارات": "سيارات",
  "خيام وأدوات التخييم": "رحلات",
  "مصابيح ومستلزمات الرحلات": "رحلات",
  "أدوات الطبخ للرحلات": "رحلات",
  "كراسي وطاولات متنقلة": "رحلات",
  "مبردات وحافظات": "رحلات",
  "أدوات الطوارئ والنجاة": "رحلات",
  "ملابس الرجال": "ملابس",
  "ملابس النساء": "ملابس",
  "ملابس الأطفال": "ملابس",
  "الساعات والإكسسوارات": "إكسسوارات",
  "الأحذية والحقائب": "ملابس",
  "نظارات شمسية": "إكسسوارات",
  "ألعاب الأطفال التعليمية": "ألعاب",
  "الدمى والمكعبات": "ألعاب",
  "أدوات الأطفال والرضع": "أطفال",
  "مستلزمات المدرسة": "أطفال",
  "العطور": "جمال",
  "المكياج": "جمال",
  "العناية بالشعر": "جمال",
  "العناية بالبشرة": "جمال",
  "أدوات العناية والتجميل": "جمال",
  "أجهزة العناية الكهربائية": "جمال",
  "معدات اللياقة البدنية": "رياضة",
  "أدوات الجيم المنزلية": "رياضة",
  "الملابس الرياضية": "رياضة",
  "المكملات الغذائية": "صحة",
  "أدوات اليوغا والمشي": "رياضة",
  "بطاقات الهدايا": "رقمية",
  "بطاقات الألعاب": "رقمية",
  "شحن الجوالات": "رقمية",
  "الاشتراكات والخدمات الرقمية": "رقمية",
  "لمبات ذكية": "منزل",
  "أجهزة استشعار": "منزل",
  "مقابس وموصلات": "منزل",
  "أدوات الطاقة والشحن": "منزل",
  "منتجات متنوعة": "منوعات"
}
